Country,year,Reported number of people receiving ART,Estimated number of people living with HIV,Estimated ART coverage among people living with HIV (%),Estimated number of people living with HIV_median,Estimated number of people living with HIV_min,Estimated number of people living with HIV_max,Estimated ART coverage among people living with HIV (%)_median,Estimated ART coverage among people living with HIV (%)_min,Estimated ART coverage among people living with HIV (%)_max,WHO Region
Afghanistan,2018,920,7200[4100–11000],13[7–20],7200,4100,11000,13,7,20,Eastern Mediterranean
Albania,2018,580,Nodata,Nodata,,,,,,,Europe
Algeria,2018,12800,16000[15000–17000],81[75–86],16000,15000,17000,81,75,86,Africa
Angola,2018,88700,330000[290000–390000],27[23–31],330000,290000,390000,27,23,31,Africa
Argentina,2018,85500,140000[130000–150000],61[55–67],140000,130000,150000,61,55,67,Americas
Armenia,2018,1900,3500[3000–4400],53[44–65],3500,3000,4400,53,44,65,Europe
Australia,2018,22800,28000[23000–31000],83[70–93],28000,23000,31000,83,70,93,Western Pacific
Austria,2018,Nodata,Nodata,Nodata,,,,,,,Europe
Azerbaijan,2018,4400,Nodata,Nodata,,,,,,,Europe
Bahamas,2018,3100,6000[5300–6700],52[45–58],6000,5300,6700,52,45,58,Americas
Bahrain,2018,Nodata,Nodata,Nodata,,,,,,,Eastern Mediterranean
Bangladesh,2018,3000,14000[12000–16000],22[19–25],14000,12000,16000,22,19,25,South-East Asia
Barbados,2018,1500,3000[2700–3400],50[44–57],3000,2700,3400,50,44,57,Americas
Belarus,2018,15500,27000[22000–34000],59[48–75],27000,22000,34000,59,48,75,Europe
Belgium,2018,Nodata,Nodata,Nodata,,,,,,,Europe
Belize,2018,1400,4900[4400–5400],28[26–31],4900,4400,5400,28,26,31,Americas
Benin,2018,44200,73000[48000–120000],61[40–95],73000,48000,120000,61,40,95,Africa
Bhutan,2018,480,1300[700–2700],37[20–78],1300,700,2700,37,20,78,South-East Asia
Bolivia (Plurinational State of),2018,9900,22000[20000–24000],44[40–48],22000,20000,24000,44,40,48,Americas
Bosnia and Herzegovina,2018,220,500[500–500],67[57–78],500,500,500,67,57,78,Europe
Botswana,2018,307000,370000[330000–400000],83[75–90],370000,330000,400000,83,75,90,Africa
Brazil,2018,593000,900000[690000–1100000],66[51–82],900000,690000,1100000,66,51,82,Americas
Brunei Darussalam,2018,150,Nodata,Nodata,,,,,,,Western Pacific
Bulgaria,2018,1500,3500[3000–4100],41[35–48],3500,3000,4100,41,35,48,Europe
Burkina Faso,2018,59300,96000[78000–120000],62[50–75],96000,78000,120000,62,50,75,Africa
Burundi,2018,65500,82000[71000–97000],80[69–94],82000,71000,97000,80,69,94,Africa
Cabo Verde,2018,2200,2400[2100–2900],89[75–95],2400,2100,2900,89,75,95,Africa
Cambodia,2018,59500,73000[64000–84000],81[71–93],73000,64000,84000,81,71,93,Western Pacific
Cameroon,2018,281000,540000[470000–590000],52[46–57],540000,470000,590000,52,46,57,Africa
Canada,2018,Nodata,Nodata,Nodata,,,,,,,Americas
Central African Republic,2018,39600,110000[90000–140000],36[30–45],110000,90000,140000,36,30,45,Africa
Chad,2018,61400,120000[94000–150000],51[40–63],120000,94000,150000,51,40,63,Africa
Chile,2018,45100,71000[63000–78000],63[56–70],71000,63000,78000,63,56,70,Americas
China,2018,718000,Nodata,Nodata,,,,,,,Western Pacific
Colombia,2018,113000,160000[130000–180000],73[60–86],160000,130000,180000,73,60,86,Americas
Comoros,2018,100,200[100–500],79[39–95],200,100,500,79,39,95,Africa
Congo,2018,31200,89000[69000–120000],35[27–46],89000,69000,120000,35,27,46,Americas
Costa Rica,2018,7200,15000[13000–17000],49[44–54],15000,13000,17000,49,44,54,Americas
Côte d'Ivoire,2018,252000,460000[360000–580000],55[44–70],460000,360000,580000,55,44,70,Africa
Croatia,2018,1200,1600[1400–1700],75[67–83],1600,1400,1700,75,67,83,Europe
Cuba,2018,21900,31000[24000–37000],72[55–85],31000,24000,37000,72,55,85,Americas
Cyprus,2018,Nodata,Nodata,Nodata,,,,,,,Europe
Czechia,2018,2600,4400[3700–5000],60[51–68],4400,3700,5000,60,51,68,Europe
Democratic People's Republic of Korea,2018,Nodata,Nodata,Nodata,,,,,,,Western Pacific
Democratic Republic of the Congo,2018,256000,450000[370000–530000],57[47–67],450000,370000,530000,57,47,67,Africa
Denmark,2018,5500,6200[5600–7000],89[79–95],6200,5600,7000,89,79,95,Europe
Djibouti,2018,2700,8800[7100–11000],30[25–38],8800,7100,11000,30,25,38,Eastern Mediterranean
Dominican Republic,2018,39000,70000[54000–92000],56[43–73],70000,54000,92000,56,43,73,Americas
Ecuador,2018,25100,44000[29000–71000],57[38–93],44000,29000,71000,57,38,93,Americas
Egypt,2018,6700,22000[20000–24000],31[28–33],22000,20000,24000,31,28,33,Eastern Mediterranean
El Salvador,2018,11900,25000[21000–30000],47[39–55],25000,21000,30000,47,39,55,Americas
Equatorial Guinea,2018,21400,62000[50000–81000],34[27–44],62000,50000,81000,34,27,44,Africa
Eritrea,2018,8900,18000[13000–24000],51[38–68],18000,13000,24000,51,38,68,Africa
Estonia,2018,4300,7400[6600–8200],59[53–66],7400,6600,8200,59,53,66,Europe
Eswatini,2018,177000,210000[190000–220000],86[80–94],210000,190000,220000,86,80,94,Africa
Ethiopia,2018,450000,690000[530000–900000],65[50–85],690000,530000,900000,65,50,85,Africa
Fiji,2018,Nodata,Nodata,Nodata,,,,,,,Western Pacific
Finland,2018,3000,4000[3100–4900],76[60–95],4000,3100,4900,76,60,95,Europe
France,2018,148000,180000[150000–210000],83[69–95],180000,150000,210000,83,69,95,Europe
Gabon,2018,35600,53000[43000–67000],67[54–85],53000,43000,67000,67,54,85,Africa
Gambia,2018,7500,26000[21000–33000],29[24–38],26000,21000,33000,29,24,38,Africa
Georgia,2018,4600,9400[8100–11000],49[42–57],9400,8100,11000,49,42,57,Europe
Germany,2018,69900,87000[71000–100000],80[65–93],87000,71000,100000,80,65,93,Europe
Ghana,2018,113000,330000[280000–390000],34[28–39],330000,280000,390000,34,28,39,Africa
Greece,2018,Nodata,Nodata,Nodata,,,,,,,Europe
Guatemala,2018,20200,47000[43000–51000],43[40–47],47000,43000,51000,43,40,47,Americas
Guinea,2018,48600,120000[100000–140000],40[34–48],120000,100000,140000,40,34,48,Africa
Guinea-Bissau,2018,14600,44000[39000–49000],33[29–37],44000,39000,49000,33,29,37,Africa
Guyana,2018,5600,8200[7200–9400],68[60–78],8200,7200,9400,68,60,78,Americas
Haiti,2018,91500,160000[140000–180000],58[52–65],160000,140000,180000,58,52,65,Americas
Honduras,2018,11700,23000[18000–28000],50[40–61],23000,18000,28000,50,40,61,Americas
Hungary,2018,2000,3700[3200–4200],56[48–63],3700,3200,4200,56,48,63,Europe
Iceland,2018,250,500[500–500],79[71–87],500,500,500,79,71,87,Europe
India,2018,Nodata,Nodata,Nodata,,,,,,,South-East Asia
Indonesia,2018,108000,640000[550000–750000],17[15–20],640000,550000,750000,17,15,20,South-East Asia
Iran (Islamic Republic of),2018,12400,61000[34000–120000],20[11–39],61000,34000,120000,20,11,39,Eastern Mediterranean
Ireland,2018,5700,7200[6200–8000],80[69–89],7200,6200,8000,80,69,89,Europe
Israel,2018,Nodata,9000[8000–10000],Nodata,9000,8000,10000,,,,Europe
Italy,2018,118000,130000[110000–140000],91[78–95],130000,110000,140000,91,78,95,Europe
Jamaica,2018,12600,40000[35000–46000],31[27–36],40000,35000,46000,31,27,36,Americas
Japan,2018,23700,30000[25000–34000],80[68–92],30000,25000,34000,80,68,92,Western Pacific
Jordan,2018,310,500[500–500],84[76–95],500,500,500,84,76,95,Eastern Mediterranean
Kazakhstan,2018,15000,26000[24000–27000],58[54–62],26000,24000,27000,58,54,62,Europe
Kenya,2018,1068000,1600000[1300000–1900000],68[58–82],1600000,1300000,1900000,68,58,82,Africa
Kuwait,2018,400,640[580–700],62[55–67],640,580,700,62,55,67,Eastern Mediterranean
Kyrgyzstan,2018,3700,8500[6500–12000],43[33–59],8500,6500,12000,43,33,59,Europe
Lao People's Democratic Republic,2018,6500,12000[11000–14000],54[48–62],12000,11000,14000,54,48,62,Western Pacific
Latvia,2018,2400,5300[4800–5900],45[41–50],5300,4800,5900,45,41,50,Europe
Lebanon,2018,1500,2500[2200–2800],60[53–67],2500,2200,2800,60,53,67,Eastern Mediterranean
Lesotho,2018,206000,340000[320000–360000],61[57–65],340000,320000,360000,61,57,65,Africa
Liberia,2018,13900,39000[36000–44000],35[32–39],39000,36000,44000,35,32,39,Africa
Libya,2018,4100,9200[8300–10000],44[40–49],9200,8300,10000,44,40,49,Eastern Mediterranean
Lithuania,2018,Nodata,Nodata,Nodata,,,,,,,Europe
Luxembourg,2018,890,1200[1000–1300],77[67–86],1200,1000,1300,77,67,86,Europe
Madagascar,2018,3500,39000[30000–55000],9[7–13],39000,30000,55000,9,7,13,Africa
Malawi,2018,814000,1000000[940000–1100000],78[70–84],1000000,940000,1100000,78,70,84,Africa
Malaysia,2018,41500,87000[77000–98000],48[42–53],87000,77000,98000,48,42,53,Western Pacific
Maldives,2018,Nodata,Nodata,Nodata,,,,,,,South-East Asia
Mali,2018,47100,150000[120000–190000],31[25–39],150000,120000,190000,31,25,39,Africa
Malta,2018,Nodata,Nodata,Nodata,,,,,,,Europe
Mauritania,2018,3000,5600[4500–7200],54[44–69],5600,4500,7200,54,44,69,Africa
Mauritius,2018,2800,13000[10000–15000],22[18–26],13000,10000,15000,22,18,26,Africa
Mexico,2018,165000,230000[200000–270000],70[60–80],230000,200000,270000,70,60,80,Americas
Mongolia,2018,200,600[530–670],32[29–36],600,530,670,32,29,36,Western Pacific
Montenegro,2018,160,500[500–500],40[34–46],500,500,500,40,34,46,Europe
Morocco,2018,13600,21000[17000–28000],65[52–86],21000,17000,28000,65,52,86,Eastern Mediterranean
Mozambique,2018,1213000,2200000[1700000–2700000],56[44–68],2200000,1700000,2700000,56,44,68,Africa
Myanmar,2018,167000,240000[210000–270000],70[63–79],240000,210000,270000,70,63,79,South-East Asia
Namibia,2018,184000,200000[190000–220000],92[84–95],200000,190000,220000,92,84,95,Africa
Nepal,2018,16900,30000[26000–34000],56[50–65],30000,26000,34000,56,50,65,South-East Asia
Netherlands,2018,Nodata,Nodata,Nodata,,,,,,,Europe
New Zealand,2018,2700,3600[3100–4200],73[62–84],3600,3100,4200,73,62,84,Western Pacific
Nicaragua,2018,5000,9400[7600–12000],53[43–68],9400,7600,12000,53,43,68,Americas
Niger,2018,19800,36000[30000–43000],54[45–65],36000,30000,43000,54,45,65,Africa
Nigeria,2018,1016000,1900000[1400000–2600000],53[40–71],1900000,1400000,2600000,53,40,71,Africa
Norway,2018,4700,5800[5200–6300],82[74–90],5800,5200,6300,82,74,90,Europe
Oman,2018,1300,3200[2900–3600],41[37–45],3200,2900,3600,41,37,45,Eastern Mediterranean
Pakistan,2018,15800,160000[140000–190000],10[9–11],160000,140000,190000,10,9,11,Eastern Mediterranean
Panama,2018,14200,26000[24000–29000],54[48–59],26000,24000,29000,54,48,59,Americas
Papua New Guinea,2018,29400,45000[41000–50000],65[58–71],45000,41000,50000,65,58,71,Western Pacific
Paraguay,2018,8500,21000[16000–31000],40[31–58],21000,16000,31000,40,31,58,Americas
Peru,2018,57800,79000[58000–110000],73[54–95],79000,58000,110000,73,54,95,Americas
Philippines,2018,33600,77000[65000–90000],44[37–51],77000,65000,90000,44,37,51,Western Pacific
Poland,2018,Nodata,Nodata,Nodata,,,,,,,Europe
Portugal,2018,37200,41000[36000–46000],90[78–95],41000,36000,46000,90,78,95,Europe
Qatar,2018,150,Nodata,Nodata,,,,,,,Eastern Mediterranean
Republic of Korea,2018,Nodata,Nodata,Nodata,,,,,,,Western Pacific
Republic of Moldova,2018,6000,17000[14000–23000],34[27–45],17000,14000,23000,34,27,45,Europe
Republic of North Macedonia,2018,240,500[500–520],54[47–63],500,500,520,54,47,63,Europe
Romania,2018,12100,18000[16000–20000],67[60–73],18000,16000,20000,67,60,73,Europe
Russian Federation,2018,Nodata,Nodata,Nodata,,,,,,,Europe
Rwanda,2018,194000,220000[200000–250000],87[76–95],220000,200000,250000,87,76,95,Africa
Saudi Arabia,2018,6300,Nodata,Nodata,,,,,,,Eastern Mediterranean
Senegal,2018,26600,42000[37000–47000],63[55–71],42000,37000,47000,63,55,71,Africa
Serbia,2018,2000,3000[2200–3800],65[47–83],3000,2200,3800,65,47,83,Europe
Sierra Leone,2018,28400,70000[56000–86000],41[33–50],70000,56000,86000,41,33,50,Africa
Singapore,2018,6200,7900[7200–8700],78[71–86],7900,7200,8700,78,71,86,Western Pacific
Slovakia,2018,650,1200[910–1900],54[40–85],1200,910,1900,54,40,85,Europe
Slovenia,2018,Nodata,Nodata,Nodata,,,,,,,Europe
Somalia,2018,3300,11000[8400–15000],30[23–41],11000,8400,15000,30,23,41,Eastern Mediterranean
South Africa,2018,4788000,7700000[7100000–8300000],62[57–66],7700000,7100000,8300000,62,57,66,Africa
South Sudan,2018,30700,190000[140000–240000],16[12–20],190000,140000,240000,16,12,20,Africa
Spain,2018,125000,150000[130000–170000],84[73–94],150000,130000,170000,84,73,94,Europe
Sri Lanka,2018,1600,3500[3100–4000],45[40–52],3500,3100,4000,45,40,52,South-East Asia
Sudan,2018,9000,59000[26000–110000],15[7–28],59000,26000,110000,15,7,28,Eastern Mediterranean
Suriname,2018,2900,5600[3700–8100],52[35–75],5600,3700,8100,52,35,75,Americas
Sweden,2018,Nodata,Nodata,Nodata,,,,,,,Europe
Switzerland,2018,14800,Nodata,Nodata,,,,,,,Europe
Syrian Arab Republic,2018,130,660[590–720],20[18–22],660,590,720,20,18,22,Eastern Mediterranean
Tajikistan,2018,6000,13000[11000–16000],46[38–56],13000,11000,16000,46,38,56,Europe
Thailand,2018,359000,480000[420000–550000],75[66–86],480000,420000,550000,75,66,86,South-East Asia
Timor-Leste,2018,Nodata,Nodata,Nodata,,,,,,,South-East Asia
Togo,2018,64800,110000[100000–120000],60[56–65],110000,100000,120000,60,56,65,Africa
Trinidad and Tobago,2018,Nodata,Nodata,Nodata,,,,,,,Americas
Tunisia,2018,1100,2800[1700–4400],39[24–61],2800,1700,4400,39,24,61,Eastern Mediterranean
Turkey,2018,Nodata,Nodata,Nodata,,,,,,,Europe
Turkmenistan,2018,Nodata,Nodata,Nodata,,,,,,,Europe
Uganda,2018,1004000,1400000[1300000–1500000],72[68–78],1400000,1300000,1500000,72,68,78,Africa
Ukraine,2018,124000,240000[220000–260000],52[48–56],240000,220000,260000,52,48,56,Europe
United Arab Emirates,2018,Nodata,Nodata,Nodata,,,,,,,Eastern Mediterranean
United Kingdom of Great Britain and Northern Ireland,2018,Nodata,Nodata,Nodata,,,,,,,Europe
United Republic of Tanzania,2018,1109000,1600000[1400000–1700000],71[64–78],1600000,1400000,1700000,71,64,78,Africa
United States of America,2018,Nodata,Nodata,Nodata,,,,,,,Americas
Uruguay,2018,8100,14000[9900–19000],58[41–76],14000,9900,19000,58,41,76,Americas
Uzbekistan,2018,26700,52000[48000–56000],51[47–55],52000,48000,56000,51,47,55,Europe
Venezuela (Bolivarian Republic of),2018,Nodata,120000[100000–130000],Nodata,120000,100000,130000,,,,Americas
Viet Nam,2018,150000,230000[200000–260000],65[57–73],230000,200000,260000,65,57,73,Western Pacific
Yemen,2018,2200,11000[6500–18000],21[12–35],11000,6500,18000,21,12,35,Eastern Mediterranean
Zambia,2018,965000,1200000[1100000–1400000],78[69–88],1200000,1100000,1400000,78,69,88,Africa
Zimbabwe,2018,1151000,1300000[1100000–1500000],88[77–95],1300000,1100000,1500000,88,77,95,Africa
